[{"model": "contenttypes.contenttype", "pk": 1, "fields": {"app_label": "admin", "model": "logentry"}}, {"model": "contenttypes.contenttype", "pk": 2, "fields": {"app_label": "auth", "model": "permission"}}, {"model": "contenttypes.contenttype", "pk": 3, "fields": {"app_label": "auth", "model": "group"}}, {"model": "contenttypes.contenttype", "pk": 4, "fields": {"app_label": "auth", "model": "user"}}, {"model": "contenttypes.contenttype", "pk": 5, "fields": {"app_label": "contenttypes", "model": "contenttype"}}, {"model": "contenttypes.contenttype", "pk": 6, "fields": {"app_label": "sessions", "model": "session"}}, {"model": "contenttypes.contenttype", "pk": 7, "fields": {"app_label": "tech", "model": "tech"}}, {"model": "contenttypes.contenttype", "pk": 8, "fields": {"app_label": "game", "model": "game"}}, {"model": "contenttypes.contenttype", "pk": 9, "fields": {"app_label": "genres", "model": "genre"}}, {"model": "contenttypes.contenttype", "pk": 10, "fields": {"app_label": "brand", "model": "band"}}, {"model": "contenttypes.contenttype", "pk": 11, "fields": {"app_label": "brand", "model": "brand"}}, {"model": "contenttypes.contenttype", "pk": 12, "fields": {"app_label": "brand", "model": "recordlabel"}}, {"model": "contenttypes.contenttype", "pk": 13, "fields": {"app_label": "brand", "model": "event"}}, {"model": "contenttypes.contenttype", "pk": 14, "fields": {"app_label": "locations", "model": "city"}}, {"model": "contenttypes.contenttype", "pk": 15, "fields": {"app_label": "locations", "model": "location"}}, {"model": "contenttypes.contenttype", "pk": 16, "fields": {"app_label": "locations", "model": "district"}}, {"model": "contenttypes.contenttype", "pk": 17, "fields": {"app_label": "locations", "model": "eventslot"}}, {"model": "contenttypes.contenttype", "pk": 18, "fields": {"app_label": "people", "model": "crowd"}}, {"model": "contenttypes.contenttype", "pk": 19, "fields": {"app_label": "people", "model": "population"}}, {"model": "contenttypes.contenttype", "pk": 20, "fields": {"app_label": "people", "model": "person"}}, {"model": "contenttypes.contenttype", "pk": 21, "fields": {"app_label": "people", "model": "job"}}, {"model": "contenttypes.contenttype", "pk": 22, "fields": {"app_label": "people", "model": "musician"}}, {"model": "tech.tech", "pk": 1, "fields": {"name": "open mic", "affects": "[Venue]", "effects": "{'prestige': 1}"}}, {"model": "tech.tech", "pk": 2, "fields": {"name": "dishwasher", "affects": "[Venue]", "effects": "{'prestige': 1, 'running_costs': 5}"}}, {"model": "genres.genre", "pk": 1, "fields": {"name": "Blues", "year_invented": 1905}}, {"model": "genres.genre", "pk": 2, "fields": {"name": "Jazz", "year_invented": 1920}}, {"model": "genres.genre", "pk": 3, "fields": {"name": "Classical", "year_invented": 1748}}, {"model": "brand.brand", "pk": 1, "fields": {"game": null, "name": "Badger Stripes"}}, {"model": "brand.brand", "pk": 2, "fields": {"game": null, "name": "Rival Records"}}, {"model": "brand.band", "pk": 1, "fields": {"brand": 1, "name": "Handwash Experience", "genre": 1}}, {"model": "brand.band", "pk": 2, "fields": {"brand": 2, "name": "HOLY SHIT", "genre": 2}}, {"model": "brand.band", "pk": 3, "fields": {"brand": null, "name": "'ERB GIRLS", "genre": 1}}, {"model": "locations.city", "pk": 1, "fields": {"game": null, "name": "Bristol"}}, {"model": "locations.district", "pk": 1, "fields": {"city": 1, "name": "Bedminister"}}, {"model": "locations.district", "pk": 2, "fields": {"city": 1, "name": "Clifton"}}, {"model": "locations.district", "pk": 3, "fields": {"city": 1, "name": "Easton"}}, {"model": "locations.district", "pk": 4, "fields": {"city": 1, "name": "Fishponds"}}, {"model": "people.job", "pk": 1, "fields": {"workplace": null, "brand": null, "role": "musician"}}, {"model": "people.job", "pk": 2, "fields": {"workplace": null, "brand": null, "role": "musician"}}, {"model": "people.job", "pk": 3, "fields": {"workplace": null, "brand": null, "role": "musician"}}, {"model": "people.musician", "pk": 1, "fields": {"band": 1, "person": 18}}, {"model": "people.musician", "pk": 2, "fields": {"band": 1, "person": 19}}, {"model": "people.musician", "pk": 3, "fields": {"band": 1, "person": 20}}, {"model": "people.person", "pk": 1, "fields": {"genre": 2, "location": null, "job": null, "name": "Sheik Yerbouti", "happiness": null, "influence": null, "created_at": "2020-05-03T00:27:57.217Z"}}, {"model": "people.person", "pk": 2, "fields": {"genre": 3, "location": null, "job": null, "name": "William Vacation", "happiness": null, "influence": null, "created_at": "2020-05-03T00:27:57.222Z"}}, {"model": "people.person", "pk": 3, "fields": {"genre": 3, "location": null, "job": null, "name": "Ted Sawing", "happiness": null, "influence": null, "created_at": "2020-05-03T00:27:57.225Z"}}, {"model": "people.person", "pk": 4, "fields": {"genre": 1, "location": null, "job": null, "name": "Badger Davis", "happiness": null, "influence": null, "created_at": "2020-05-03T00:27:57.236Z"}}, {"model": "people.person", "pk": 5, "fields": {"genre": 2, "location": null, "job": null, "name": "Foe Mistletoe", "happiness": null, "influence": null, "created_at": "2020-05-03T00:27:57.238Z"}}, {"model": "people.person", "pk": 6, "fields": {"genre": 1, "location": null, "job": null, "name": "Dirty Sludge", "happiness": null, "influence": null, "created_at": "2020-05-03T00:27:57.241Z"}}, {"model": "people.person", "pk": 7, "fields": {"genre": 1, "location": null, "job": null, "name": "Eric Schweindriver", "happiness": null, "influence": null, "created_at": "2020-05-03T00:27:57.244Z"}}, {"model": "people.person", "pk": 8, "fields": {"genre": 3, "location": null, "job": null, "name": "Cartwright Van-Swedehoven", "happiness": null, "influence": null, "created_at": "2020-05-03T00:27:57.246Z"}}, {"model": "people.person", "pk": 9, "fields": {"genre": 1, "location": null, "job": null, "name": "Melancoly Carton", "happiness": null, "influence": null, "created_at": "2020-05-03T00:27:57.251Z"}}, {"model": "people.person", "pk": 10, "fields": {"genre": 1, "location": null, "job": null, "name": "Charl\u00e8ne Splitairi", "happiness": null, "influence": null, "created_at": "2020-05-03T00:27:57.254Z"}}, {"model": "people.person", "pk": 11, "fields": {"genre": 1, "location": null, "job": null, "name": "Gwen Spaghetti", "happiness": null, "influence": null, "created_at": "2020-05-03T00:27:57.256Z"}}, {"model": "people.person", "pk": 12, "fields": {"genre": 1, "location": null, "job": null, "name": "Owen Linguini", "happiness": null, "influence": null, "created_at": "2020-05-03T00:27:57.259Z"}}, {"model": "people.person", "pk": 13, "fields": {"genre": 1, "location": null, "job": null, "name": "Ella Fitsgerbil", "happiness": null, "influence": null, "created_at": "2020-05-03T00:27:57.262Z"}}, {"model": "people.person", "pk": 14, "fields": {"genre": 1, "location": null, "job": null, "name": "Parsley Erb", "happiness": null, "influence": null, "created_at": "2020-05-03T00:27:57.268Z"}}, {"model": "people.person", "pk": 15, "fields": {"genre": 1, "location": null, "job": null, "name": "Sage Erb", "happiness": null, "influence": null, "created_at": "2020-05-03T00:27:57.271Z"}}, {"model": "people.person", "pk": 16, "fields": {"genre": 1, "location": null, "job": null, "name": "Rosemary Erb", "happiness": null, "influence": null, "created_at": "2020-05-03T00:27:57.274Z"}}, {"model": "people.person", "pk": 17, "fields": {"genre": 1, "location": null, "job": null, "name": "Thyme Erb", "happiness": null, "influence": null, "created_at": "2020-05-03T00:27:57.863Z"}}, {"model": "people.person", "pk": 18, "fields": {"genre": 1, "location": null, "job": 1, "name": "James Handwash", "happiness": null, "influence": null, "created_at": "2020-05-03T00:28:03.832Z"}}, {"model": "people.person", "pk": 19, "fields": {"genre": 1, "location": null, "job": 2, "name": "Yule Bluesman", "happiness": null, "influence": null, "created_at": "2020-05-03T00:28:03.836Z"}}, {"model": "people.person", "pk": 20, "fields": {"genre": 1, "location": null, "job": 3, "name": "Hitch Hitcherson", "happiness": null, "influence": null, "created_at": "2020-05-03T00:28:03.847Z"}}, {"model": "auth.permission", "pk": 1, "fields": {"name": "Can add log entry", "content_type": 1, "codename": "add_logentry"}}, {"model": "auth.permission", "pk": 2, "fields": {"name": "Can change log entry", "content_type": 1, "codename": "change_logentry"}}, {"model": "auth.permission", "pk": 3, "fields": {"name": "Can delete log entry", "content_type": 1, "codename": "delete_logentry"}}, {"model": "auth.permission", "pk": 4, "fields": {"name": "Can view log entry", "content_type": 1, "codename": "view_logentry"}}, {"model": "auth.permission", "pk": 5, "fields": {"name": "Can add permission", "content_type": 2, "codename": "add_permission"}}, {"model": "auth.permission", "pk": 6, "fields": {"name": "Can change permission", "content_type": 2, "codename": "change_permission"}}, {"model": "auth.permission", "pk": 7, "fields": {"name": "Can delete permission", "content_type": 2, "codename": "delete_permission"}}, {"model": "auth.permission", "pk": 8, "fields": {"name": "Can view permission", "content_type": 2, "codename": "view_permission"}}, {"model": "auth.permission", "pk": 9, "fields": {"name": "Can add group", "content_type": 3, "codename": "add_group"}}, {"model": "auth.permission", "pk": 10, "fields": {"name": "Can change group", "content_type": 3, "codename": "change_group"}}, {"model": "auth.permission", "pk": 11, "fields": {"name": "Can delete group", "content_type": 3, "codename": "delete_group"}}, {"model": "auth.permission", "pk": 12, "fields": {"name": "Can view group", "content_type": 3, "codename": "view_group"}}, {"model": "auth.permission", "pk": 13, "fields": {"name": "Can add user", "content_type": 4, "codename": "add_user"}}, {"model": "auth.permission", "pk": 14, "fields": {"name": "Can change user", "content_type": 4, "codename": "change_user"}}, {"model": "auth.permission", "pk": 15, "fields": {"name": "Can delete user", "content_type": 4, "codename": "delete_user"}}, {"model": "auth.permission", "pk": 16, "fields": {"name": "Can view user", "content_type": 4, "codename": "view_user"}}, {"model": "auth.permission", "pk": 17, "fields": {"name": "Can add content type", "content_type": 5, "codename": "add_contenttype"}}, {"model": "auth.permission", "pk": 18, "fields": {"name": "Can change content type", "content_type": 5, "codename": "change_contenttype"}}, {"model": "auth.permission", "pk": 19, "fields": {"name": "Can delete content type", "content_type": 5, "codename": "delete_contenttype"}}, {"model": "auth.permission", "pk": 20, "fields": {"name": "Can view content type", "content_type": 5, "codename": "view_contenttype"}}, {"model": "auth.permission", "pk": 21, "fields": {"name": "Can add session", "content_type": 6, "codename": "add_session"}}, {"model": "auth.permission", "pk": 22, "fields": {"name": "Can change session", "content_type": 6, "codename": "change_session"}}, {"model": "auth.permission", "pk": 23, "fields": {"name": "Can delete session", "content_type": 6, "codename": "delete_session"}}, {"model": "auth.permission", "pk": 24, "fields": {"name": "Can view session", "content_type": 6, "codename": "view_session"}}, {"model": "auth.permission", "pk": 25, "fields": {"name": "Can add tech", "content_type": 7, "codename": "add_tech"}}, {"model": "auth.permission", "pk": 26, "fields": {"name": "Can change tech", "content_type": 7, "codename": "change_tech"}}, {"model": "auth.permission", "pk": 27, "fields": {"name": "Can delete tech", "content_type": 7, "codename": "delete_tech"}}, {"model": "auth.permission", "pk": 28, "fields": {"name": "Can view tech", "content_type": 7, "codename": "view_tech"}}, {"model": "auth.permission", "pk": 29, "fields": {"name": "Can add game", "content_type": 8, "codename": "add_game"}}, {"model": "auth.permission", "pk": 30, "fields": {"name": "Can change game", "content_type": 8, "codename": "change_game"}}, {"model": "auth.permission", "pk": 31, "fields": {"name": "Can delete game", "content_type": 8, "codename": "delete_game"}}, {"model": "auth.permission", "pk": 32, "fields": {"name": "Can view game", "content_type": 8, "codename": "view_game"}}, {"model": "auth.permission", "pk": 33, "fields": {"name": "Can add genre", "content_type": 9, "codename": "add_genre"}}, {"model": "auth.permission", "pk": 34, "fields": {"name": "Can change genre", "content_type": 9, "codename": "change_genre"}}, {"model": "auth.permission", "pk": 35, "fields": {"name": "Can delete genre", "content_type": 9, "codename": "delete_genre"}}, {"model": "auth.permission", "pk": 36, "fields": {"name": "Can view genre", "content_type": 9, "codename": "view_genre"}}, {"model": "auth.permission", "pk": 37, "fields": {"name": "Can add band", "content_type": 10, "codename": "add_band"}}, {"model": "auth.permission", "pk": 38, "fields": {"name": "Can change band", "content_type": 10, "codename": "change_band"}}, {"model": "auth.permission", "pk": 39, "fields": {"name": "Can delete band", "content_type": 10, "codename": "delete_band"}}, {"model": "auth.permission", "pk": 40, "fields": {"name": "Can view band", "content_type": 10, "codename": "view_band"}}, {"model": "auth.permission", "pk": 41, "fields": {"name": "Can add brand", "content_type": 11, "codename": "add_brand"}}, {"model": "auth.permission", "pk": 42, "fields": {"name": "Can change brand", "content_type": 11, "codename": "change_brand"}}, {"model": "auth.permission", "pk": 43, "fields": {"name": "Can delete brand", "content_type": 11, "codename": "delete_brand"}}, {"model": "auth.permission", "pk": 44, "fields": {"name": "Can view brand", "content_type": 11, "codename": "view_brand"}}, {"model": "auth.permission", "pk": 45, "fields": {"name": "Can add record label", "content_type": 12, "codename": "add_recordlabel"}}, {"model": "auth.permission", "pk": 46, "fields": {"name": "Can change record label", "content_type": 12, "codename": "change_recordlabel"}}, {"model": "auth.permission", "pk": 47, "fields": {"name": "Can delete record label", "content_type": 12, "codename": "delete_recordlabel"}}, {"model": "auth.permission", "pk": 48, "fields": {"name": "Can view record label", "content_type": 12, "codename": "view_recordlabel"}}, {"model": "auth.permission", "pk": 49, "fields": {"name": "Can add event", "content_type": 13, "codename": "add_event"}}, {"model": "auth.permission", "pk": 50, "fields": {"name": "Can change event", "content_type": 13, "codename": "change_event"}}, {"model": "auth.permission", "pk": 51, "fields": {"name": "Can delete event", "content_type": 13, "codename": "delete_event"}}, {"model": "auth.permission", "pk": 52, "fields": {"name": "Can view event", "content_type": 13, "codename": "view_event"}}, {"model": "auth.permission", "pk": 53, "fields": {"name": "Can add city", "content_type": 14, "codename": "add_city"}}, {"model": "auth.permission", "pk": 54, "fields": {"name": "Can change city", "content_type": 14, "codename": "change_city"}}, {"model": "auth.permission", "pk": 55, "fields": {"name": "Can delete city", "content_type": 14, "codename": "delete_city"}}, {"model": "auth.permission", "pk": 56, "fields": {"name": "Can view city", "content_type": 14, "codename": "view_city"}}, {"model": "auth.permission", "pk": 57, "fields": {"name": "Can add location", "content_type": 15, "codename": "add_location"}}, {"model": "auth.permission", "pk": 58, "fields": {"name": "Can change location", "content_type": 15, "codename": "change_location"}}, {"model": "auth.permission", "pk": 59, "fields": {"name": "Can delete location", "content_type": 15, "codename": "delete_location"}}, {"model": "auth.permission", "pk": 60, "fields": {"name": "Can view location", "content_type": 15, "codename": "view_location"}}, {"model": "auth.permission", "pk": 61, "fields": {"name": "Can add district", "content_type": 16, "codename": "add_district"}}, {"model": "auth.permission", "pk": 62, "fields": {"name": "Can change district", "content_type": 16, "codename": "change_district"}}, {"model": "auth.permission", "pk": 63, "fields": {"name": "Can delete district", "content_type": 16, "codename": "delete_district"}}, {"model": "auth.permission", "pk": 64, "fields": {"name": "Can view district", "content_type": 16, "codename": "view_district"}}, {"model": "auth.permission", "pk": 65, "fields": {"name": "Can add event slot", "content_type": 17, "codename": "add_eventslot"}}, {"model": "auth.permission", "pk": 66, "fields": {"name": "Can change event slot", "content_type": 17, "codename": "change_eventslot"}}, {"model": "auth.permission", "pk": 67, "fields": {"name": "Can delete event slot", "content_type": 17, "codename": "delete_eventslot"}}, {"model": "auth.permission", "pk": 68, "fields": {"name": "Can view event slot", "content_type": 17, "codename": "view_eventslot"}}, {"model": "auth.permission", "pk": 69, "fields": {"name": "Can add crowd", "content_type": 18, "codename": "add_crowd"}}, {"model": "auth.permission", "pk": 70, "fields": {"name": "Can change crowd", "content_type": 18, "codename": "change_crowd"}}, {"model": "auth.permission", "pk": 71, "fields": {"name": "Can delete crowd", "content_type": 18, "codename": "delete_crowd"}}, {"model": "auth.permission", "pk": 72, "fields": {"name": "Can view crowd", "content_type": 18, "codename": "view_crowd"}}, {"model": "auth.permission", "pk": 73, "fields": {"name": "Can add population", "content_type": 19, "codename": "add_population"}}, {"model": "auth.permission", "pk": 74, "fields": {"name": "Can change population", "content_type": 19, "codename": "change_population"}}, {"model": "auth.permission", "pk": 75, "fields": {"name": "Can delete population", "content_type": 19, "codename": "delete_population"}}, {"model": "auth.permission", "pk": 76, "fields": {"name": "Can view population", "content_type": 19, "codename": "view_population"}}, {"model": "auth.permission", "pk": 77, "fields": {"name": "Can add person", "content_type": 20, "codename": "add_person"}}, {"model": "auth.permission", "pk": 78, "fields": {"name": "Can change person", "content_type": 20, "codename": "change_person"}}, {"model": "auth.permission", "pk": 79, "fields": {"name": "Can delete person", "content_type": 20, "codename": "delete_person"}}, {"model": "auth.permission", "pk": 80, "fields": {"name": "Can view person", "content_type": 20, "codename": "view_person"}}, {"model": "auth.permission", "pk": 81, "fields": {"name": "Can add Cool cat", "content_type": 21, "codename": "add_job"}}, {"model": "auth.permission", "pk": 82, "fields": {"name": "Can change Cool cat", "content_type": 21, "codename": "change_job"}}, {"model": "auth.permission", "pk": 83, "fields": {"name": "Can delete Cool cat", "content_type": 21, "codename": "delete_job"}}, {"model": "auth.permission", "pk": 84, "fields": {"name": "Can view Cool cat", "content_type": 21, "codename": "view_job"}}, {"model": "auth.permission", "pk": 85, "fields": {"name": "Can add musician", "content_type": 22, "codename": "add_musician"}}, {"model": "auth.permission", "pk": 86, "fields": {"name": "Can change musician", "content_type": 22, "codename": "change_musician"}}, {"model": "auth.permission", "pk": 87, "fields": {"name": "Can delete musician", "content_type": 22, "codename": "delete_musician"}}, {"model": "auth.permission", "pk": 88, "fields": {"name": "Can view musician", "content_type": 22, "codename": "view_musician"}}]