[{"model": "contenttypes.contenttype", "pk": 1, "fields": {"app_label": "admin", "model": "logentry"}}, {"model": "contenttypes.contenttype", "pk": 2, "fields": {"app_label": "auth", "model": "permission"}}, {"model": "contenttypes.contenttype", "pk": 3, "fields": {"app_label": "auth", "model": "group"}}, {"model": "contenttypes.contenttype", "pk": 4, "fields": {"app_label": "auth", "model": "user"}}, {"model": "contenttypes.contenttype", "pk": 5, "fields": {"app_label": "contenttypes", "model": "contenttype"}}, {"model": "contenttypes.contenttype", "pk": 6, "fields": {"app_label": "sessions", "model": "session"}}, {"model": "contenttypes.contenttype", "pk": 7, "fields": {"app_label": "tech", "model": "tech"}}, {"model": "contenttypes.contenttype", "pk": 8, "fields": {"app_label": "game", "model": "game"}}, {"model": "contenttypes.contenttype", "pk": 9, "fields": {"app_label": "genres", "model": "genre"}}, {"model": "contenttypes.contenttype", "pk": 10, "fields": {"app_label": "events", "model": "event"}}, {"model": "contenttypes.contenttype", "pk": 11, "fields": {"app_label": "events", "model": "eventtype"}}, {"model": "contenttypes.contenttype", "pk": 12, "fields": {"app_label": "events", "model": "eventslot"}}, {"model": "contenttypes.contenttype", "pk": 13, "fields": {"app_label": "brand", "model": "band"}}, {"model": "contenttypes.contenttype", "pk": 14, "fields": {"app_label": "brand", "model": "brand"}}, {"model": "contenttypes.contenttype", "pk": 15, "fields": {"app_label": "brand", "model": "recordlabel"}}, {"model": "contenttypes.contenttype", "pk": 16, "fields": {"app_label": "locations", "model": "buildingtype"}}, {"model": "contenttypes.contenttype", "pk": 17, "fields": {"app_label": "locations", "model": "city"}}, {"model": "contenttypes.contenttype", "pk": 18, "fields": {"app_label": "locations", "model": "venueassessment"}}, {"model": "contenttypes.contenttype", "pk": 19, "fields": {"app_label": "locations", "model": "location"}}, {"model": "contenttypes.contenttype", "pk": 20, "fields": {"app_label": "locations", "model": "district"}}, {"model": "contenttypes.contenttype", "pk": 21, "fields": {"app_label": "people", "model": "job"}}, {"model": "contenttypes.contenttype", "pk": 22, "fields": {"app_label": "people", "model": "person"}}, {"model": "contenttypes.contenttype", "pk": 23, "fields": {"app_label": "people", "model": "musician"}}, {"model": "contenttypes.contenttype", "pk": 24, "fields": {"app_label": "people", "model": "crowd"}}, {"model": "tech.tech", "pk": 1, "fields": {"name": "open mic", "affects": "[Venue]", "effects": "{'prestige': 1}", "category": null, "progress": "0", "brand": [1]}}, {"model": "tech.tech", "pk": 2, "fields": {"name": "dishwasher", "affects": "[Venue]", "effects": "{'prestige': 1, 'running_costs': 5}", "category": null, "progress": "0", "brand": []}}, {"model": "genres.genre", "pk": 1, "fields": {"name": "Blues", "year_invented": 1905, "colour": "#46BFBD"}}, {"model": "genres.genre", "pk": 2, "fields": {"name": "Jazz", "year_invented": 1920, "colour": "#F7464A"}}, {"model": "genres.genre", "pk": 3, "fields": {"name": "Classical", "year_invented": 1748, "colour": "#FDB45C"}}, {"model": "events.eventtype", "pk": 1, "fields": {"name": "gig", "controller": "Gig", "slots_required": 1}}, {"model": "events.eventtype", "pk": 2, "fields": {"name": "music lesson", "controller": "MusicLesson", "slots_required": 1}}, {"model": "events.eventtype", "pk": 3, "fields": {"name": "scale practice", "controller": "ScalePractice", "slots_required": 1}}, {"model": "brand.brand", "pk": 1, "fields": {"game": null, "name": "Badger Stripes", "colour": "blue", "influence": 0, "money": 100, "events_unlocked": []}}, {"model": "brand.brand", "pk": 2, "fields": {"game": null, "name": "Rival Records", "colour": "blue", "influence": 0, "money": 100, "events_unlocked": []}}, {"model": "brand.band", "pk": 1, "fields": {"brand": 1, "influence": 0, "name": "Handwash Experience", "genre": 1, "location": null}}, {"model": "brand.band", "pk": 2, "fields": {"brand": null, "influence": 0, "name": "'ERB GIRLS", "genre": 1, "location": null}}, {"model": "brand.band", "pk": 3, "fields": {"brand": 2, "influence": 0, "name": "HOLY SHIT", "genre": 2, "location": null}}, {"model": "locations.city", "pk": 1, "fields": {"game": null, "name": "Bristol", "latitude": "51.454514", "longitude": "-2.587910"}}, {"model": "locations.district", "pk": 1, "fields": {"city": 1, "name": "Bedminster", "population": 100, "latitude": null, "longitude": null}}, {"model": "locations.district", "pk": 2, "fields": {"city": 1, "name": "Clifton", "population": 100, "latitude": null, "longitude": null}}, {"model": "locations.district", "pk": 3, "fields": {"city": 1, "name": "Easton", "population": 100, "latitude": null, "longitude": null}}, {"model": "locations.district", "pk": 4, "fields": {"city": 1, "name": "Eastville", "population": 100, "latitude": null, "longitude": null}}, {"model": "locations.venueassessment", "pk": 1, "fields": {"building_type": 1, "event_type": 1, "suitability": 9}}, {"model": "locations.venueassessment", "pk": 2, "fields": {"building_type": 2, "event_type": 1, "suitability": 6}}, {"model": "locations.venueassessment", "pk": 3, "fields": {"building_type": 3, "event_type": 2, "suitability": 9}}, {"model": "locations.venueassessment", "pk": 4, "fields": {"building_type": 3, "event_type": 3, "suitability": 9}}, {"model": "locations.buildingtype", "pk": 1, "fields": {"name": "music bar", "category": "venue with stage"}}, {"model": "locations.buildingtype", "pk": 2, "fields": {"name": "local pub", "category": "pub or cafe"}}, {"model": "locations.buildingtype", "pk": 3, "fields": {"name": "music school", "category": "pub or cafe"}}, {"model": "locations.buildingtype", "pk": 4, "fields": {"name": "guitar shop", "category": "shop"}}, {"model": "locations.location", "pk": 1, "fields": {"brand": 2, "building_type": 1, "name": "Bojo's", "latitude": "51.4686715", "longitude": "-2.6171386", "genre": 1, "slots_available": 4, "capacity": 120, "influence": 0, "prestige": 3, "running_cost": 50, "entry_price": 0}}, {"model": "locations.location", "pk": 2, "fields": {"brand": null, "building_type": 2, "name": "Ye Olde 'Ole", "latitude": "51.4630824", "longitude": "-2.6056613", "genre": 2, "slots_available": 4, "capacity": 80, "influence": 0, "prestige": 3, "running_cost": 50, "entry_price": 0}}, {"model": "locations.location", "pk": 3, "fields": {"brand": null, "building_type": 4, "name": "Total Bliss", "latitude": "51.4572499", "longitude": "-2.596153", "genre": 2, "slots_available": 0, "capacity": 30, "influence": 0, "prestige": 3, "running_cost": 50, "entry_price": 0}}, {"model": "locations.location", "pk": 4, "fields": {"brand": 2, "building_type": 3, "name": "Widow Twankey's Honk & Tonk School", "latitude": "51.4568828", "longitude": "-2.6063455", "genre": 1, "slots_available": 2, "capacity": 1, "influence": 0, "prestige": 3, "running_cost": 50, "entry_price": 0}}, {"model": "people.job", "pk": 1, "fields": {"workplace": null, "brand": null, "role": "musician"}}, {"model": "people.musician", "pk": 1, "fields": {"band": 1, "person": 18}}, {"model": "people.musician", "pk": 2, "fields": {"band": 1, "person": 19}}, {"model": "people.musician", "pk": 3, "fields": {"band": 1, "person": 20}}, {"model": "people.person", "pk": 1, "fields": {"genre": 2, "location": null, "job": null, "name": "Sheik Yerbouti", "stamina": 0, "charisma": 0, "musical_talent": 0, "tech_talent": 0, "happiness": "6", "influence": 0, "created_at": "2020-06-04T17:48:19.657Z"}}, {"model": "people.person", "pk": 2, "fields": {"genre": 3, "location": null, "job": null, "name": "William Vacation", "stamina": 0, "charisma": 0, "musical_talent": 0, "tech_talent": 0, "happiness": "6", "influence": 0, "created_at": "2020-06-04T17:48:19.660Z"}}, {"model": "people.person", "pk": 3, "fields": {"genre": 3, "location": null, "job": null, "name": "Ted Sawing", "stamina": 0, "charisma": 0, "musical_talent": 0, "tech_talent": 0, "happiness": "6", "influence": 0, "created_at": "2020-06-04T17:48:19.662Z"}}, {"model": "people.person", "pk": 4, "fields": {"genre": 1, "location": null, "job": null, "name": "Badger Davis", "stamina": 0, "charisma": 0, "musical_talent": 0, "tech_talent": 0, "happiness": "6", "influence": 0, "created_at": "2020-06-04T17:48:19.665Z"}}, {"model": "people.person", "pk": 5, "fields": {"genre": 2, "location": null, "job": null, "name": "Foe Mistletoe", "stamina": 0, "charisma": 0, "musical_talent": 0, "tech_talent": 0, "happiness": "6", "influence": 0, "created_at": "2020-06-04T17:48:19.668Z"}}, {"model": "people.person", "pk": 6, "fields": {"genre": 1, "location": null, "job": null, "name": "Dirty Sludge", "stamina": 0, "charisma": 0, "musical_talent": 0, "tech_talent": 0, "happiness": "6", "influence": 0, "created_at": "2020-06-04T17:48:19.670Z"}}, {"model": "people.person", "pk": 7, "fields": {"genre": 1, "location": null, "job": null, "name": "Eric Schweindriver", "stamina": 0, "charisma": 0, "musical_talent": 0, "tech_talent": 0, "happiness": "6", "influence": 0, "created_at": "2020-06-04T17:48:19.673Z"}}, {"model": "people.person", "pk": 8, "fields": {"genre": 3, "location": null, "job": null, "name": "Cartwright Van-Swedehoven", "stamina": 0, "charisma": 0, "musical_talent": 0, "tech_talent": 0, "happiness": "6", "influence": 0, "created_at": "2020-06-04T17:48:19.675Z"}}, {"model": "people.person", "pk": 9, "fields": {"genre": 1, "location": null, "job": null, "name": "Melancoly Carton", "stamina": 0, "charisma": 0, "musical_talent": 0, "tech_talent": 0, "happiness": "6", "influence": 0, "created_at": "2020-06-04T17:48:19.677Z"}}, {"model": "people.person", "pk": 10, "fields": {"genre": 1, "location": null, "job": null, "name": "Charl\u00e8ne Splitairi", "stamina": 0, "charisma": 0, "musical_talent": 0, "tech_talent": 0, "happiness": "6", "influence": 0, "created_at": "2020-06-04T17:48:19.679Z"}}, {"model": "people.person", "pk": 11, "fields": {"genre": 1, "location": null, "job": null, "name": "Gwen Spaghetti", "stamina": 0, "charisma": 0, "musical_talent": 0, "tech_talent": 0, "happiness": "6", "influence": 0, "created_at": "2020-06-04T17:48:19.682Z"}}, {"model": "people.person", "pk": 12, "fields": {"genre": 1, "location": null, "job": null, "name": "Owen Linguini", "stamina": 0, "charisma": 0, "musical_talent": 0, "tech_talent": 0, "happiness": "6", "influence": 0, "created_at": "2020-06-04T17:48:19.684Z"}}, {"model": "people.person", "pk": 13, "fields": {"genre": 1, "location": null, "job": null, "name": "Ella Fitsgerbil", "stamina": 0, "charisma": 0, "musical_talent": 0, "tech_talent": 0, "happiness": "6", "influence": 0, "created_at": "2020-06-04T17:48:19.686Z"}}, {"model": "people.person", "pk": 14, "fields": {"genre": 1, "location": null, "job": null, "name": "Parsley Erb", "stamina": 0, "charisma": 0, "musical_talent": 0, "tech_talent": 0, "happiness": "6", "influence": 0, "created_at": "2020-06-04T17:48:19.688Z"}}, {"model": "people.person", "pk": 15, "fields": {"genre": 1, "location": null, "job": null, "name": "Sage Erb", "stamina": 0, "charisma": 0, "musical_talent": 0, "tech_talent": 0, "happiness": "6", "influence": 0, "created_at": "2020-06-04T17:48:19.690Z"}}, {"model": "people.person", "pk": 16, "fields": {"genre": 1, "location": null, "job": null, "name": "Rosemary Erb", "stamina": 0, "charisma": 0, "musical_talent": 0, "tech_talent": 0, "happiness": "6", "influence": 0, "created_at": "2020-06-04T17:48:19.692Z"}}, {"model": "people.person", "pk": 17, "fields": {"genre": 1, "location": null, "job": null, "name": "Thyme Erb", "stamina": 0, "charisma": 0, "musical_talent": 0, "tech_talent": 0, "happiness": "6", "influence": 0, "created_at": "2020-06-04T17:48:19.695Z"}}, {"model": "people.person", "pk": 18, "fields": {"genre": 1, "location": null, "job": 1, "name": "James Handwash", "stamina": 0, "charisma": 0, "musical_talent": 0, "tech_talent": 0, "happiness": "6", "influence": 0, "created_at": "2020-06-04T17:48:19.700Z"}}, {"model": "people.person", "pk": 19, "fields": {"genre": 1, "location": null, "job": 1, "name": "Yule Bluesman", "stamina": 0, "charisma": 0, "musical_talent": 0, "tech_talent": 0, "happiness": "6", "influence": 0, "created_at": "2020-06-04T17:48:19.706Z"}}, {"model": "people.person", "pk": 20, "fields": {"genre": 1, "location": null, "job": 1, "name": "Hitch Hitcherson", "stamina": 0, "charisma": 0, "musical_talent": 0, "tech_talent": 0, "happiness": "6", "influence": 0, "created_at": "2020-06-04T17:48:19.709Z"}}, {"model": "auth.permission", "pk": 1, "fields": {"name": "Can add log entry", "content_type": 1, "codename": "add_logentry"}}, {"model": "auth.permission", "pk": 2, "fields": {"name": "Can change log entry", "content_type": 1, "codename": "change_logentry"}}, {"model": "auth.permission", "pk": 3, "fields": {"name": "Can delete log entry", "content_type": 1, "codename": "delete_logentry"}}, {"model": "auth.permission", "pk": 4, "fields": {"name": "Can view log entry", "content_type": 1, "codename": "view_logentry"}}, {"model": "auth.permission", "pk": 5, "fields": {"name": "Can add permission", "content_type": 2, "codename": "add_permission"}}, {"model": "auth.permission", "pk": 6, "fields": {"name": "Can change permission", "content_type": 2, "codename": "change_permission"}}, {"model": "auth.permission", "pk": 7, "fields": {"name": "Can delete permission", "content_type": 2, "codename": "delete_permission"}}, {"model": "auth.permission", "pk": 8, "fields": {"name": "Can view permission", "content_type": 2, "codename": "view_permission"}}, {"model": "auth.permission", "pk": 9, "fields": {"name": "Can add group", "content_type": 3, "codename": "add_group"}}, {"model": "auth.permission", "pk": 10, "fields": {"name": "Can change group", "content_type": 3, "codename": "change_group"}}, {"model": "auth.permission", "pk": 11, "fields": {"name": "Can delete group", "content_type": 3, "codename": "delete_group"}}, {"model": "auth.permission", "pk": 12, "fields": {"name": "Can view group", "content_type": 3, "codename": "view_group"}}, {"model": "auth.permission", "pk": 13, "fields": {"name": "Can add user", "content_type": 4, "codename": "add_user"}}, {"model": "auth.permission", "pk": 14, "fields": {"name": "Can change user", "content_type": 4, "codename": "change_user"}}, {"model": "auth.permission", "pk": 15, "fields": {"name": "Can delete user", "content_type": 4, "codename": "delete_user"}}, {"model": "auth.permission", "pk": 16, "fields": {"name": "Can view user", "content_type": 4, "codename": "view_user"}}, {"model": "auth.permission", "pk": 17, "fields": {"name": "Can add content type", "content_type": 5, "codename": "add_contenttype"}}, {"model": "auth.permission", "pk": 18, "fields": {"name": "Can change content type", "content_type": 5, "codename": "change_contenttype"}}, {"model": "auth.permission", "pk": 19, "fields": {"name": "Can delete content type", "content_type": 5, "codename": "delete_contenttype"}}, {"model": "auth.permission", "pk": 20, "fields": {"name": "Can view content type", "content_type": 5, "codename": "view_contenttype"}}, {"model": "auth.permission", "pk": 21, "fields": {"name": "Can add session", "content_type": 6, "codename": "add_session"}}, {"model": "auth.permission", "pk": 22, "fields": {"name": "Can change session", "content_type": 6, "codename": "change_session"}}, {"model": "auth.permission", "pk": 23, "fields": {"name": "Can delete session", "content_type": 6, "codename": "delete_session"}}, {"model": "auth.permission", "pk": 24, "fields": {"name": "Can view session", "content_type": 6, "codename": "view_session"}}, {"model": "auth.permission", "pk": 25, "fields": {"name": "Can add tech", "content_type": 7, "codename": "add_tech"}}, {"model": "auth.permission", "pk": 26, "fields": {"name": "Can change tech", "content_type": 7, "codename": "change_tech"}}, {"model": "auth.permission", "pk": 27, "fields": {"name": "Can delete tech", "content_type": 7, "codename": "delete_tech"}}, {"model": "auth.permission", "pk": 28, "fields": {"name": "Can view tech", "content_type": 7, "codename": "view_tech"}}, {"model": "auth.permission", "pk": 29, "fields": {"name": "Can add game", "content_type": 8, "codename": "add_game"}}, {"model": "auth.permission", "pk": 30, "fields": {"name": "Can change game", "content_type": 8, "codename": "change_game"}}, {"model": "auth.permission", "pk": 31, "fields": {"name": "Can delete game", "content_type": 8, "codename": "delete_game"}}, {"model": "auth.permission", "pk": 32, "fields": {"name": "Can view game", "content_type": 8, "codename": "view_game"}}, {"model": "auth.permission", "pk": 33, "fields": {"name": "Can add genre", "content_type": 9, "codename": "add_genre"}}, {"model": "auth.permission", "pk": 34, "fields": {"name": "Can change genre", "content_type": 9, "codename": "change_genre"}}, {"model": "auth.permission", "pk": 35, "fields": {"name": "Can delete genre", "content_type": 9, "codename": "delete_genre"}}, {"model": "auth.permission", "pk": 36, "fields": {"name": "Can view genre", "content_type": 9, "codename": "view_genre"}}, {"model": "auth.permission", "pk": 37, "fields": {"name": "Can add event", "content_type": 10, "codename": "add_event"}}, {"model": "auth.permission", "pk": 38, "fields": {"name": "Can change event", "content_type": 10, "codename": "change_event"}}, {"model": "auth.permission", "pk": 39, "fields": {"name": "Can delete event", "content_type": 10, "codename": "delete_event"}}, {"model": "auth.permission", "pk": 40, "fields": {"name": "Can view event", "content_type": 10, "codename": "view_event"}}, {"model": "auth.permission", "pk": 41, "fields": {"name": "Can add event type", "content_type": 11, "codename": "add_eventtype"}}, {"model": "auth.permission", "pk": 42, "fields": {"name": "Can change event type", "content_type": 11, "codename": "change_eventtype"}}, {"model": "auth.permission", "pk": 43, "fields": {"name": "Can delete event type", "content_type": 11, "codename": "delete_eventtype"}}, {"model": "auth.permission", "pk": 44, "fields": {"name": "Can view event type", "content_type": 11, "codename": "view_eventtype"}}, {"model": "auth.permission", "pk": 45, "fields": {"name": "Can add event slot", "content_type": 12, "codename": "add_eventslot"}}, {"model": "auth.permission", "pk": 46, "fields": {"name": "Can change event slot", "content_type": 12, "codename": "change_eventslot"}}, {"model": "auth.permission", "pk": 47, "fields": {"name": "Can delete event slot", "content_type": 12, "codename": "delete_eventslot"}}, {"model": "auth.permission", "pk": 48, "fields": {"name": "Can view event slot", "content_type": 12, "codename": "view_eventslot"}}, {"model": "auth.permission", "pk": 49, "fields": {"name": "Can add band", "content_type": 13, "codename": "add_band"}}, {"model": "auth.permission", "pk": 50, "fields": {"name": "Can change band", "content_type": 13, "codename": "change_band"}}, {"model": "auth.permission", "pk": 51, "fields": {"name": "Can delete band", "content_type": 13, "codename": "delete_band"}}, {"model": "auth.permission", "pk": 52, "fields": {"name": "Can view band", "content_type": 13, "codename": "view_band"}}, {"model": "auth.permission", "pk": 53, "fields": {"name": "Can add brand", "content_type": 14, "codename": "add_brand"}}, {"model": "auth.permission", "pk": 54, "fields": {"name": "Can change brand", "content_type": 14, "codename": "change_brand"}}, {"model": "auth.permission", "pk": 55, "fields": {"name": "Can delete brand", "content_type": 14, "codename": "delete_brand"}}, {"model": "auth.permission", "pk": 56, "fields": {"name": "Can view brand", "content_type": 14, "codename": "view_brand"}}, {"model": "auth.permission", "pk": 57, "fields": {"name": "Can add record label", "content_type": 15, "codename": "add_recordlabel"}}, {"model": "auth.permission", "pk": 58, "fields": {"name": "Can change record label", "content_type": 15, "codename": "change_recordlabel"}}, {"model": "auth.permission", "pk": 59, "fields": {"name": "Can delete record label", "content_type": 15, "codename": "delete_recordlabel"}}, {"model": "auth.permission", "pk": 60, "fields": {"name": "Can view record label", "content_type": 15, "codename": "view_recordlabel"}}, {"model": "auth.permission", "pk": 61, "fields": {"name": "Can add building type", "content_type": 16, "codename": "add_buildingtype"}}, {"model": "auth.permission", "pk": 62, "fields": {"name": "Can change building type", "content_type": 16, "codename": "change_buildingtype"}}, {"model": "auth.permission", "pk": 63, "fields": {"name": "Can delete building type", "content_type": 16, "codename": "delete_buildingtype"}}, {"model": "auth.permission", "pk": 64, "fields": {"name": "Can view building type", "content_type": 16, "codename": "view_buildingtype"}}, {"model": "auth.permission", "pk": 65, "fields": {"name": "Can add city", "content_type": 17, "codename": "add_city"}}, {"model": "auth.permission", "pk": 66, "fields": {"name": "Can change city", "content_type": 17, "codename": "change_city"}}, {"model": "auth.permission", "pk": 67, "fields": {"name": "Can delete city", "content_type": 17, "codename": "delete_city"}}, {"model": "auth.permission", "pk": 68, "fields": {"name": "Can view city", "content_type": 17, "codename": "view_city"}}, {"model": "auth.permission", "pk": 69, "fields": {"name": "Can add venue assessment", "content_type": 18, "codename": "add_venueassessment"}}, {"model": "auth.permission", "pk": 70, "fields": {"name": "Can change venue assessment", "content_type": 18, "codename": "change_venueassessment"}}, {"model": "auth.permission", "pk": 71, "fields": {"name": "Can delete venue assessment", "content_type": 18, "codename": "delete_venueassessment"}}, {"model": "auth.permission", "pk": 72, "fields": {"name": "Can view venue assessment", "content_type": 18, "codename": "view_venueassessment"}}, {"model": "auth.permission", "pk": 73, "fields": {"name": "Can add location", "content_type": 19, "codename": "add_location"}}, {"model": "auth.permission", "pk": 74, "fields": {"name": "Can change location", "content_type": 19, "codename": "change_location"}}, {"model": "auth.permission", "pk": 75, "fields": {"name": "Can delete location", "content_type": 19, "codename": "delete_location"}}, {"model": "auth.permission", "pk": 76, "fields": {"name": "Can view location", "content_type": 19, "codename": "view_location"}}, {"model": "auth.permission", "pk": 77, "fields": {"name": "Can add district", "content_type": 20, "codename": "add_district"}}, {"model": "auth.permission", "pk": 78, "fields": {"name": "Can change district", "content_type": 20, "codename": "change_district"}}, {"model": "auth.permission", "pk": 79, "fields": {"name": "Can delete district", "content_type": 20, "codename": "delete_district"}}, {"model": "auth.permission", "pk": 80, "fields": {"name": "Can view district", "content_type": 20, "codename": "view_district"}}, {"model": "auth.permission", "pk": 81, "fields": {"name": "Can add Cool cat", "content_type": 21, "codename": "add_job"}}, {"model": "auth.permission", "pk": 82, "fields": {"name": "Can change Cool cat", "content_type": 21, "codename": "change_job"}}, {"model": "auth.permission", "pk": 83, "fields": {"name": "Can delete Cool cat", "content_type": 21, "codename": "delete_job"}}, {"model": "auth.permission", "pk": 84, "fields": {"name": "Can view Cool cat", "content_type": 21, "codename": "view_job"}}, {"model": "auth.permission", "pk": 85, "fields": {"name": "Can add person", "content_type": 22, "codename": "add_person"}}, {"model": "auth.permission", "pk": 86, "fields": {"name": "Can change person", "content_type": 22, "codename": "change_person"}}, {"model": "auth.permission", "pk": 87, "fields": {"name": "Can delete person", "content_type": 22, "codename": "delete_person"}}, {"model": "auth.permission", "pk": 88, "fields": {"name": "Can view person", "content_type": 22, "codename": "view_person"}}, {"model": "auth.permission", "pk": 89, "fields": {"name": "Can add musician", "content_type": 23, "codename": "add_musician"}}, {"model": "auth.permission", "pk": 90, "fields": {"name": "Can change musician", "content_type": 23, "codename": "change_musician"}}, {"model": "auth.permission", "pk": 91, "fields": {"name": "Can delete musician", "content_type": 23, "codename": "delete_musician"}}, {"model": "auth.permission", "pk": 92, "fields": {"name": "Can view musician", "content_type": 23, "codename": "view_musician"}}, {"model": "auth.permission", "pk": 93, "fields": {"name": "Can add crowd", "content_type": 24, "codename": "add_crowd"}}, {"model": "auth.permission", "pk": 94, "fields": {"name": "Can change crowd", "content_type": 24, "codename": "change_crowd"}}, {"model": "auth.permission", "pk": 95, "fields": {"name": "Can delete crowd", "content_type": 24, "codename": "delete_crowd"}}, {"model": "auth.permission", "pk": 96, "fields": {"name": "Can view crowd", "content_type": 24, "codename": "view_crowd"}}]